model,variant,p50_ms,p95_ms,fps,map50_95,build_s,speedup_vs_pytorch,map_delta
yolo11m,pytorch-fp32,28.09,33.78,35.6,0.6219,3.6,1.00,+0.0000
yolo11m,tensorrt-fp32,21.05,23.11,47.5,0.6266,353.6,1.33,+0.0047
yolo11m,tensorrt-fp16,9.08,9.21,110.1,0.6273,420.5,3.09,+0.0054
yolo11m,tensorrt-int8,7.48,7.6,133.7,0.6255,305.2,3.76,+0.0036
yolo11n,pytorch-fp32,22.48,24.57,44.5,0.5074,2.0,1.00,+0.0000
yolo11n,tensorrt-fp32,6.92,7.85,144.4,0.5058,126.7,3.25,-0.0016
yolo11n,tensorrt-fp16,5.59,6.45,178.9,0.5046,289.3,4.02,-0.0028
yolo11n,tensorrt-int8,5.34,8.34,187.4,0.4693,247.0,4.21,-0.0381
yolo11s,pytorch-fp32,23.31,25.62,42.9,0.5744,2.8,1.00,+0.0000
yolo11s,tensorrt-fp32,9.74,10.81,102.7,0.575,105.1,2.39,+0.0006
yolo11s,tensorrt-fp16,8.28,9.65,120.8,0.5759,334.0,2.82,+0.0015
yolo11s,tensorrt-int8,5.76,6.77,173.5,0.5703,283.6,4.05,-0.0041
